{"cameraMode":{"drawMode":0,"name":"Shaded","section":"Shading Mode"},"sceneLighting":true,"audioPlay":false,"sceneViewState":{"showFog":true,"showMaterialUpdate":false,"showSkybox":true,"showFlares":true,"showImageEffects":true,"showParticleSystems":true},"in2DMode":false,"pivot":{"x":7.458993434906006,"y":-9.585131645202637,"z":2.637681484222412},"rotation":{"x":-0.33692479133605959,"y":-0.40047487616539,"z":0.16126102209091187,"w":-0.8367177844047546},"size":19.42951011657715,"orthographic":false}