{"cameraMode":{"drawMode":0,"name":"Shaded","section":"Shading Mode"},"sceneLighting":true,"audioPlay":false,"sceneViewState":{"showFog":true,"showMaterialUpdate":false,"showSkybox":true,"showFlares":true,"showImageEffects":true,"showParticleSystems":true},"in2DMode":false,"pivot":{"x":895.63525390625,"y":406.0130310058594,"z":635.3128051757813},"rotation":{"x":-0.04524066671729088,"y":0.04852811619639397,"z":-0.0022000763565301897,"w":-0.9977954030036926},"size":1362.2515869140625,"orthographic":false}