{"cameraMode":{"drawMode":0,"name":"Shaded","section":"Shading Mode"},"sceneLighting":true,"audioPlay":false,"sceneViewState":{"showFog":true,"showMaterialUpdate":false,"showSkybox":true,"showFlares":true,"showImageEffects":true,"showParticleSystems":true},"in2DMode":false,"pivot":{"x":-5.237975120544434,"y":-11.935741424560547,"z":5.151369094848633},"rotation":{"x":-0.35810890793800356,"y":-0.017647869884967805,"z":0.006770213600248098,"w":-0.9334897398948669},"size":35.4910774230957,"orthographic":false}