{"cameraMode":{"drawMode":0,"name":"Shaded","section":"Shading Mode"},"sceneLighting":false,"audioPlay":false,"sceneViewState":{"showFog":true,"showMaterialUpdate":false,"showSkybox":false,"showFlares":true,"showImageEffects":true,"showParticleSystems":true},"in2DMode":false,"pivot":{"x":-0.8543062210083008,"y":0.06581878662109375,"z":3.115865468978882},"rotation":{"x":-0.1284901648759842,"y":0.6325454115867615,"z":-0.10748010873794556,"w":-0.7561920285224915},"size":5.257884502410889,"orthographic":false}