{"cameraMode":{"drawMode":0,"name":"Shaded","section":"Shading Mode"},"sceneLighting":false,"audioPlay":false,"sceneViewState":{"showFog":true,"showMaterialUpdate":false,"showSkybox":false,"showFlares":true,"showImageEffects":true,"showParticleSystems":true},"in2DMode":false,"pivot":{"x":1.903386116027832,"y":0.7860000133514404,"z":-8.674110412597657},"rotation":{"x":-0.09618666023015976,"y":0.8693438172340393,"z":-0.18693821132183076,"w":-0.4472971260547638},"size":2.6283254623413088,"orthographic":false}