{"cameraMode":{"drawMode":0,"name":"Shaded","section":"Shading Mode"},"sceneLighting":true,"audioPlay":false,"sceneViewState":{"showFog":true,"showMaterialUpdate":false,"showSkybox":true,"showFlares":true,"showImageEffects":true,"showParticleSystems":true},"in2DMode":false,"pivot":{"x":-19.151552200317384,"y":-4.518452167510986,"z":5.278411865234375},"rotation":{"x":-0.16760346293449403,"y":0.38660159707069399,"z":-0.07167216390371323,"w":-0.9040539264678955},"size":52.77334213256836,"orthographic":false}